{
  "activities": [],
  "goals": {
    "activeMinutes": 30,
    "caloriesOut": 2516,
    "distance": 8.05,
    "steps": 10000
  },
  "summary": {
    "activeScore": -1,
    "activityCalories": 119,
    "caloriesBMR": 1084,
    "caloriesOut": 1181,
    "distances": [
      {
        "activity": "total",
        "distance": 0.71
      },
      {
        "activity": "tracker",
        "distance": 0.71
      },
      {
        "activity": "loggedActivities",
        "distance": 0
      },
      {
        "activity": "veryActive",
        "distance": 0
      },
      {
        "activity": "moderatelyActive",
        "distance": 0
      },
      {
        "activity": "lightlyActive",
        "distance": 0.71
      },
      {
        "activity": "sedentaryActive",
        "distance": 0
      }
    ],
    "fairlyActiveMinutes": 0,
    "lightlyActiveMinutes": 32,
    "marginalCalories": 62,
    "sedentaryMinutes": 993,
    "steps": 1016,
    "veryActiveMinutes": 0
  }
}